Policy Name,Entity,Event,Action,Executed on,Start time,End time,Status,Error Code,Error Description,Executed by
monitPolicy_scaleUp,Instance,Instance Monitoring,Send Email Notification,Instance_1941_01,10/08/2016 03:26:57,10/08/2016 03:26:57,ACTION COMPLETED,,,System User
monitPolicy_scaleUp,Instance,Instance Monitoring,Scale Up CPU,Instance_1941_01,10/08/2016 03:26:54,10/08/2016 03:26:57,ACTION FAILED,,com.google.gson.stream.MalformedJsonException: Expected literal value at line 1 column 11,System User
monitPolicy_scaleUp,Instance,Instance Monitoring,Send Email Notification,Instance_1941_01,10/08/2016 03:21:57,10/08/2016 03:21:57,ACTION COMPLETED,,,System User
monitPolicy_scaleUp,Instance,Instance Monitoring,Scale Up CPU,Instance_1941_01,10/08/2016 03:21:54,10/08/2016 03:21:57,ACTION FAILED,,com.google.gson.stream.MalformedJsonException: Expected literal value at line 1 column 11,System User
monitPolicy_scaleUp,Instance,Instance Monitoring,Send Email Notification,Instance_1941_01,10/08/2016 03:16:56,10/08/2016 03:16:56,ACTION COMPLETED,,,System User
monitPolicy_scaleUp,Instance,Instance Monitoring,Scale Up CPU,Instance_1941_01,10/08/2016 03:16:53,10/08/2016 03:16:56,ACTION FAILED,,com.google.gson.stream.MalformedJsonException: Expected literal value at line 1 column 11,System User
monitPolicy_scaleUp,Instance,Instance Monitoring,Send Email Notification,Instance_1941_01,10/08/2016 03:11:56,10/08/2016 03:11:56,ACTION COMPLETED,,,System User
monitPolicy_scaleUp,Instance,Instance Monitoring,Scale Up CPU,Instance_1941_01,10/08/2016 03:11:53,10/08/2016 03:11:56,ACTION FAILED,,com.google.gson.stream.MalformedJsonException: Expected literal value at line 1 column 11,System User
monitPolicy_scaleUp,Instance,Instance Monitoring,Send Email Notification,Instance_1941_01,10/08/2016 02:51:56,10/08/2016 02:51:56,ACTION COMPLETED,,,System User
monitPolicy_scaleUp,Instance,Instance Monitoring,Scale Up CPU,Instance_1941_01,10/08/2016 02:51:53,10/08/2016 02:51:56,ACTION FAILED,,com.google.gson.stream.MalformedJsonException: Expected literal value at line 1 column 11,System User
monitPolicy_scaleUp,Instance,Instance Monitoring,Send Email Notification,Instance_1941_01,10/08/2016 02:46:56,10/08/2016 02:46:56,ACTION COMPLETED,,,System User
monitPolicy_scaleUp,Instance,Instance Monitoring,Scale Up CPU,Instance_1941_01,10/08/2016 02:46:53,10/08/2016 02:46:56,ACTION FAILED,,com.google.gson.stream.MalformedJsonException: Expected literal value at line 1 column 11,System User
monitPolicy_scaleUp,Instance,Instance Monitoring,Send Email Notification,Instance_1941_01,10/08/2016 02:21:56,10/08/2016 02:21:56,ACTION COMPLETED,,,System User
monitPolicy_scaleUp,Instance,Instance Monitoring,Scale Up CPU,Instance_1941_01,10/08/2016 02:21:54,10/08/2016 02:21:56,ACTION FAILED,,com.google.gson.stream.MalformedJsonException: Expected literal value at line 1 column 11,System User
monitPolicy_scaleUp,Instance,Instance Monitoring,Send Email Notification,Instance_1941_01,10/08/2016 02:16:56,10/08/2016 02:16:56,ACTION COMPLETED,,,System User
monitPolicy_scaleUp,Instance,Instance Monitoring,Scale Up CPU,Instance_1941_01,10/08/2016 02:16:53,10/08/2016 02:16:56,ACTION FAILED,,com.google.gson.stream.MalformedJsonException: Expected literal value at line 1 column 11,System User
